clustername,bootstrap,leafname,branchPath,medianOfDistances,sequencesperCluster
102,0.9999,New|hCoV-19/Wuhan/HB-WHCM-113/2020|EPI_ISL_454993|2020-02-28,3.8549E-5,0.0,2
102,0.9999,New|hCoV-19/Anhui/319/2020|EPI_ISL_1081194|2020-02-06,3.8549E-5,0.0,2
106,0.9999,New|hCoV-19/Guangzhou/GZMU0023/2020|EPI_ISL_429082|2020-02-05,7.7105E-5,0.0,2
106,0.9999,New|hCoV-19/Nanchang/JXN3T4/2020|EPI_ISL_421246|2020-02-26,7.7105E-5,0.0,2
113,0.9999,New|hCoV-19/Wuhan/HB-WH4-206/2020|EPI_ISL_454956|2020-03-27,1.0E-8,0.0,2
113,0.9999,New|hCoV-19/Wuhan/HB-WH5-240/2020|EPI_ISL_454981|2020-02-04,1.0E-8,0.0,2
117,0.9999,New|hCoV-19/Guangzhou/GZMU0036/2020|EPI_ISL_429104|2020-02-01,3.8560000000000004E-5,0.0,2
117,0.9999,New|hCoV-19/Guangzhou/GZMU0052/2020|EPI_ISL_429097|2020-01-29,3.8560000000000004E-5,0.0,2
122,0.9999,New|hCoV-19/Yunnan/YN-21/2021|EPI_ISL_2863934|2021-07-05,0.001353065,0.0,2
122,0.9999,New|hCoV-19/Yunnan/YN-02/2021|EPI_ISL_2723563|2021-06-18,0.001353065,0.0,2
129,0.9999,New|hCoV-19/Hebei/IVDC-03-01/2021|EPI_ISL_796016|2021-01-03,7.33041E-4,0.0,2
129,0.9999,New|hCoV-19/Hebei/IVDC-08-01/2021|EPI_ISL_796024|2021-01-04,7.33041E-4,0.0,2
0,0,New|hCoV-19/Yunnan/YN-29/2021|EPI_ISL_2893778|2021-07-08,0.001391429,0,1
0,0,New|hCoV-19/Beijing/235/2020|EPI_ISL_413521|2020-01-28,1.54205E-4,0,1
0,0,New|hCoV-19/env/Liaoning/Dalian-IVDC-2/2020|EPI_ISL_2170886|2020-08-27,5.0157E-4,0,1
0,0,New|hCoV-19/Yunnan/YN-42/2021|EPI_ISL_2896226|2021-07-08,0.001380359,0,1
0,0,New|hCoV-19/Lu'an/5003T/2021|EPI_ISL_2131805|2021-05-13,5.40124E-4,0,1
0,0,New|hCoV-19/Henan/HN03/2020|EPI_ISL_450442|2020-02-24,1.9274800000000002E-4,0,1
