clustername,bootstrap,leafname,branchPath,medianOfDistances,sequencesperCluster
110,0.9999,New|hCoV-19/Brazil/PR-FIOCRUZ-29843/2021|EPI_ISL_2863898|2021-04-29,0.0012017529999999998,0.0,2
110,0.9999,New|hCoV-19/Brazil/PR-FIOCRUZ-29971/2021|EPI_ISL_2863899|2021-04-26,0.0012017529999999998,0.0,2
113,0.984,New|hCoV-19/Brazil/SP-2898/2021|EPI_ISL_2274979|2021-05-22,0.0010078209999999999,3.874299999999994E-5,2
113,0.984,New|hCoV-19/Brazil/RJ-FIOCRUZ-25683/2021|EPI_ISL_2466268|2021-05-24,9.690879999999999E-4,3.874299999999994E-5,2
116,0.9999,New|hCoV-19/Brazil/MA-FIOCRUZ-25688-1P/2021|EPI_ISL_2645416|2021-05-16,1.1623500000000001E-4,0.0,2
116,0.9999,New|hCoV-19/Brazil/RJ-FIOCRUZ-25683-2P/2021|EPI_ISL_2677318|2021-05-22,1.1623500000000001E-4,0.0,2
0,0,New|hCoV-19/Brazil/MA-FIOCRUZ-25689-2P/2021|EPI_ISL_2645418|2021-05-16,3.8739E-5,0,1
0,0,New|hCoV-19/Brazil/PR-FIOCRUZ-22792/2021|EPI_ISL_2443545|2021-04-26,0.0012404889999999998,0,1
0,0,New|hCoV-19/Brazil/MA-FIOCRUZ-25688/2021|EPI_ISL_2645414|2021-05-16,1.0E-8,0,1
0,0,New|hCoV-19/Brazil/MA-FIOCRUZ-25686/2021|EPI_ISL_2645412|2021-05-16,3.8749E-5,0,1
0,0,New|hCoV-19/Brazil/GO-FIOCRUZ-31425/2021|EPI_ISL_2731452|2021-04-28,1.1623E-4,0,1
0,0,New|hCoV-19/Brazil/MA-FIOCRUZ-25688-2P/2021|EPI_ISL_2645417|2021-05-16,1.1622499999999999E-4,0,1
0,0,New|hCoV-19/Brazil/MA-FIOCRUZ-25687/2021|EPI_ISL_2645413|2021-05-16,3.8749E-5,0,1
