clustername,bootstrap,leafname,branchPath,medianOfDistances,sequencesperCluster
186,0.984,New|hCoV-19/India/GJ-GBRC603/2021|EPI_ISL_2020933|2021-04-10,0.001857501,1.914610000000004E-4,2
186,0.984,New|hCoV-19/India/GJ-GBRC782a/2021|EPI_ISL_2543906|2021-05-12,0.00197238,1.914610000000004E-4,2
204,0.974,New|hCoV-19/India/CH-NCDC-INSACOG-2209252/2021|EPI_ISL_1970262|2021-04-02,3.83038E-4,2.29796E-4,5
204,0.974,New|hCoV-19/India/DL-NCDC-25099/2021|EPI_ISL_2461296|2021-04-13,3.06408E-4,2.29796E-4,5
204,0.974,New|hCoV-19/India/DEL-NCDC-INSACOG-2209105/2021|EPI_ISL_1970148|2021-04-01,3.06404E-4,2.29796E-4,5
204,0.974,New|hCoV-19/India/PB-NCDC-1409235/2021|EPI_ISL_2460364|2021-03-11,3.447E-4,2.29796E-4,5
204,0.974,New|hCoV-19/India/DEL-NCDC-INSACOG-2209268/2021|EPI_ISL_1970271|2021-04-07,3.8301E-4,2.29796E-4,5
0,0,New|hCoV-19/India/PY-Seq_979_S64_R1_001/2021|EPI_ISL_2272918|2021-04-21,0.002032824,0,1
0,0,New|hCoV-19/India/GJ-GBRC638a/2021|EPI_ISL_2001211|2021-03-27,0.0017426009999999999,0,1
0,0,New|hCoV-19/India/PB-NCDC-1409283/2021|EPI_ISL_2460329|2021-03-10,2.29788E-4,0,1
0,0,New|hCoV-19/India/DEL-NCDC-INSACOG-2209240/2021|EPI_ISL_1970252|2021-04-05,4.21352E-4,0,1
0,0,New|hCoV-19/India/GJ-GBRC687a/2021|EPI_ISL_2389628|2021-03-16,1.9149E-4,0,1
0,0,New|hCoV-19/India/MH-ICMR-NIV-INSAGOG-GSEQ-2366/2021|EPI_ISL_1841363|2021-03-30,2.6816300000000003E-4,0,1
0,0,New|hCoV-19/India/GJ-GBRC794a/2021|EPI_ISL_2544816|2021-05-02,0.0018957709999999999,0,1
0,0,New|hCoV-19/India/DL-NCDC-2509149/2021|EPI_ISL_2461290|2021-04-14,3.44738E-4,0,1
0,0,New|hCoV-19/India/GJ-GBRC712b/2021|EPI_ISL_2391491|2021-04-23,0.002181642,0,1
0,0,New|hCoV-19/India/GJ-GBRC795b/2021|EPI_ISL_2544819|2021-05-04,0.001857479,0,1
0,0,New|hCoV-19/India/TN-NIV-VOC-594/2020|EPI_ISL_1384863|2020-12-26,1.14888E-4,0,1
0,0,New|hCoV-19/India/GJ-NCDC-NIV-INSACOG-240966/2021|EPI_ISL_2189612|2021-03-24,4.5974000000000004E-4,0,1
0,0,New|hCoV-19/India/GJ-GBRC624a/2021|EPI_ISL_2001183|2021-04-02,0.0018574809999999998,0,1
0,0,New|hCoV-19/India/DL-NCDC-709148/2021|EPI_ISL_2458813|2021-02-06,2.68108E-4,0,1
0,0,New|hCoV-19/India/GJ-GBRC572b/2021|EPI_ISL_2001134|2021-03-21,1.9148600000000002E-4,0,1
0,0,New|hCoV-19/India/UK-NCDC-INSACOG-2209190/2021|EPI_ISL_1970213|2021-04-03,3.83076E-4,0,1
